Elijah,last,egestas.rhoncus.Proin@ridiculusmus.org
Nero,last,orci.Ut@orciluctus.org
Victoria,last,enim.sit.amet@amifringilla.org
Mollie,last,Nunc.ut@tellus.net
Odysseus,last,Etiam.bibendum.fermentum@gravidanunc.ca
Dexter,last,Nulla.interdum.Curabitur@acnulla.edu
Lacy,last,euismod@massa.co.uk
Kareem,last,mauris.rhoncus@morbitristiquesenectus.ca
Coby,last,fringilla@velpede.edu
Harding,last,nec.tempus.scelerisque@mifringilla.co.uk
Kirk,last,pede.nonummy@ultricesDuisvolutpat.com
Jessamine,last,magnis.dis@liberoDonecconsectetuer.co.uk
Shannon,last,ullamcorper.eu@sapienAenean.org
Echo,last,semper@dictumeleifendnunc.edu
Sade,last,Duis@ipsumsodalespurus.co.uk
Galvin,last,lorem.eget.mollis@erat.edu
Kimberly,last,non@nuncsitamet.net
Kirk,last,non.enim@gravida.co.uk
Kendall,last,sem.molestie@non.net
Madaline,last,sapien.molestie@rutrum.net
Germaine,last,sagittis.Nullam@afeugiat.co.uk
Kelly,last,est.ac.mattis@Duis.org
Malcolm,last,tellus.justo@euodiotristique.net
Hope,last,Aenean.eget@Nullasemper.edu
Lilah,last,vitae.orci.Phasellus@Nuncacsem.com
Bradley,last,quis@egetmetus.org
Russell,last,felis.purus@amet.org
Elliott,last,luctus.ipsum.leo@ultrices.edu
Maryam,last,imperdiet.erat@feugiat.edu
Wyatt,last,dapibus.ligula@quamCurabiturvel.ca
Damon,last,facilisis@Ut.ca
Brady,last,non.bibendum.sed@aultriciesadipiscing.net
Kiara,last,nec.ligula.consectetuer@odio.com
Molly,last,porttitor.scelerisque@Sed.edu
Gloria,last,id.libero.Donec@Fuscefeugiat.ca
Brett,last,erat.neque@dolordolortempus.com
Otto,last,Nunc.quis.arcu@mauris.org
Serena,last,et@utaliquamiaculis.co.uk
Preston,last,augue.eu@nulla.org
Kylynn,last,venenatis.vel@ametconsectetueradipiscing.org
Axel,last,neque@vel.ca
Fuller,last,faucibus.ut@pharetra.ca
Eliana,last,luctus.ut@Sed.com
Hiroko,last,neque.tellus.imperdiet@vitaealiquameros.net
Patience,last,vehicula.Pellentesque.tincidunt@mollisneccursus.ca
Amery,last,tellus.imperdiet@Vestibulumaccumsanneque.ca
Raya,last,diam@idenim.com
Orli,last,Donec@Duisami.net
Orson,last,magna.a.tortor@nec.ca
Xander,last,tempus.non.lacinia@in.co.uk
Sebastian,last,felis.eget.varius@indolorFusce.edu
Rina,last,auctor.odio@Vestibulum.ca
Abbot,last,leo.Morbi@diamat.ca
Jaquelyn,last,sit@quama.net
Alfreda,last,at.lacus.Quisque@cursusnon.org
Adara,last,malesuada.Integer@leoCras.co.uk
Alan,last,molestie.Sed.id@liberoDonec.net
Brennan,last,ut@sedsapien.ca
Martena,last,ornare.placerat@Nullamvitae.com
Thomas,last,purus.mauris.a@miDuis.net
Iona,last,enim.Sed@bibendumfermentum.com
Lee,last,sem.egestas@erat.com
Ryan,last,pellentesque.massa@ridiculusmus.co.uk
Salvador,last,feugiat.nec.diam@orci.net
Holmes,last,enim@Fusce.ca
Chiquita,last,ullamcorper.magna@Donec.org
Orli,last,sociis.natoque@gravida.ca
Alexis,last,eu@nec.edu
Myles,last,leo.Cras.vehicula@ultricessit.org
Dara,last,luctus.ut@lectusrutrum.org
Pamela,last,ligula@In.org
Heidi,last,luctus@vulputatenisi.org
Brent,last,ullamcorper.eu@etmagnisdis.edu
Camilla,last,velit@Suspendissetristique.com
Mufutau,last,malesuada.id.erat@lacus.com
Adam,last,massa.Suspendisse.eleifend@apurus.edu
Karyn,last,ante.ipsum.primis@duiFusce.ca
Magee,last,erat.semper.rutrum@Crasdictumultricies.net
Cadman,last,ante.iaculis.nec@sapienCras.com
Amy,last,semper.rutrum@feugiat.co.uk
Brynne,last,lacus@Integersemelit.ca
Bernard,last,eu.enim@urnajusto.org
Eaton,last,sed@atarcuVestibulum.edu
Lesley,last,mauris@Maecenasmifelis.net
Kylan,last,egestas.ligula.Nullam@mus.edu
Kermit,last,sit.amet@nisi.co.uk
Barry,last,dolor.tempus.non@ornare.edu
Dustin,last,Etiam@aliquam.net
Maile,last,in@penatibuset.edu
Signe,last,Duis@elementumdui.com
Pandora,last,Nam@quis.edu
Ray,last,dictum.Proin.eget@lobortis.org
Rosalyn,last,mauris.id@tortor.edu
Ferdinand,last,tortor.at@Morbi.org
Bruno,last,volutpat.nunc.sit@ligulaeuenim.co.uk
Guy,last,dignissim@Nullatemporaugue.co.uk
Stone,last,cursus@nonummy.edu
Ethan,last,nonummy@enim.co.uk
Bert,last,Nullam.suscipit.est@metusInnec.edu
Liberty,last,feugiat@gravidasitamet.ca
